Aciagrion	18
Acisoma	29
Aeschnophlebia	40
Aeshna	73
Agriocnemis	38
Agrionoptera	18
Anaciaeschna	43
Anax	88
Anisogomphus	17
Anotogaster	42
Asiagomphus	88
Atrocalopteryx	23
Bayadera	16
Boninthemis	17
Boyeria	12
Brachydiplax	31
Brachythemis	23
Calopteryx	58
Ceriagrion	84
Chlorogomphus	57
Coeliccia	34
Coenagrion	73
Cordulia	23
Crocothemis	38
Davidius	61
Deielia	40
Diplacodes	41
Enallagma	16
Epiophlebia	25
Epitheca	44
Epophthalmia	18
Erythromma	14
Euphaea	33
Gynacantha	44
Hemicordulia	44
Hydrobasileus	12
Ictinogomphus	26
Indolestes	48
Ischnura	99
Lanthus	28
Lathrecista	16
Leptogomphus	29
Lestes	98
Leucorrhinia	44
Libellula	63
Lyriothemis	95
Macrodiplax	13
Macromia	73
Macromidia	11
Matrona	34
Melligomphus	29
Mnais	65
Mortonagrion	75
Nannophya	33
Nehalennia	36
Neurothemis	69
Nihonogomphus	35
Orthetrum	230
Pantala	26
Paracercion	125
Planaeschna	50
Platycnemis	70
Polycanthagyna	29
Pseudagrion	50
Pseudocopera	49
Pseudothemis	18
Psolodesmus	16
Rhinocypha	26
Rhipidolestes	106
Rhyothemis	128
Sarasaeschna	44
Shaogomphus	30
Sieboldius	29
Sinictinogomphus	27
Sinogomphus	31
Somatochlora	110
Stylogomphus	56
Stylurus	57
Sympecma	35
Sympetrum	582
Tanypteryx	31
Tholymis	18
Tramea	55
Trigomphus	83
Trithemis	39
Zyxomma	27
#4571
